loop,generation,qd_score,max_fitness,coverage,time
1,1,,,0.1953125,12.930251836776733
1,1,,265.06284,0.1953125,12.930251836776733
1,1,3349.7705,265.06284,0.1953125,12.930251836776733
