loop,generation,qd_score,max_fitness,coverage,time,frames
1,1,,,0.09765625,11.229349613189697,1000
1,1,,43.06562,0.09765625,11.229349613189697,1000
1,1,184.36563,43.06562,0.09765625,11.229349613189697,1000
